Position	Ref	343	CONGERA	45	CONGERB	CAVEFISH	GOLDFISH	ZEBRAFISH	NSAM	NARG	SPUN	SMIC	SDIA	SXAN	NAUR	SSPI	STIE	MVIO	MBER	BFNKILLFISH	ONIL	XCAU	THORNYHEAD	LAMPFISH	SCABBARDA	SCABBARDB	VIPERFISH	BLACKDRAGON	LOOSEJAW	COELACANTH	CLAWEDFROG	SALAMANDER	CHAMELEON	PIGEON	CHICKEN	ZEBRAFINCH	BOVINE	DOLPHIN	ELEPHANT
73	A	N	.	G	G	.	G	.	G	G	G	G	G	G	G	G	G	G	G	N	N	N	.	.	.	.	.	.	.	.	.	.	.	.	.	.	.	.	.
451	G	.	.	.	.	.	.	.	.	.	.	.	.	.	.	.	.	.	.	.	.	.	.	.	.	.	.	.	.	.	.	.	.	.	.	.	.	.	.
883	G	.	.	.	.	.	.	.	.	.	.	A	N	.	N	A	A	.	A	N	N	N	.	.	.	.	.	.	.	.	.	.	.	.	.	.	.	.	.
1011	G	.	.	.	.	.	.	N	.	.	.	A	N	.	N	A	A	.	A	N	N	N	.	.	.	.	.	.	.	.	.	.	.	.	.	.	.	.	.
1113	C	.	.	.	.	.	.	.	.	.	.	.	.	.	.	.	.	.	.	.	.	.	.	.	.	.	.	.	.	.	.	T	.	.	.	.	.	.	.
1834	G	.	.	.	.	.	.	.	.	.	.	.	.	.	.	.	.	.	.	.	.	.	.	.	.	.	.	.	.	.	.	.	.	.	.	.	.	.	.
2251	C	.	.	.	.	.	.	.	.	.	.	.	.	.	.	.	.	.	.	.	.	.	.	.	.	.	.	.	.	.	.	.	.	.	.	.	T	.	.
4180	G	.	.	.	.	.	.	.	.	.	.	.	.	.	.	.	.	.	.	.	.	.	.	.	.	.	.	.	.	.	.	.	.	.	.	.	.	.	.
4423	G	.	.	.	.	.	.	.	.	.	.	.	.	.	.	.	.	.	.	.	.	.	.	.	.	.	.	.	.	.	.	.	.	.	.	.	.	.	.
4513	G	.	.	.	.	.	.	.	.	.	.	.	.	.	.	.	.	.	.	.	.	.	A	.	.	.	.	.	A	.	.	.	.	A	.	.	.	A	.
4972	G	.	.	.	.	.	.	N	.	N	.	.	.	.	.	.	.	.	.	.	.	.	.	.	A	.	.	.	.	.	.	.	.	.	.	.	.	.	.
5066	G	.	.	.	.	A	A	N	.	.	.	.	.	.	.	.	.	.	.	.	.	.	.	.	.	.	.	.	.	.	.	.	.	.	.	.	.	.	.
5869	T	.	.	.	.	.	.	.	.	.	.	.	.	.	.	.	.	.	.	.	.	.	.	.	.	.	.	.	.	.	.	.	.	.	.	C	.	.	.
